properties.Google Maps URL,Latitude,Longitude,properties.Location.Address,properties.Location.Business Name,Category
"http://maps.google.com/?q=1121+S+Front+St,+Wilmington,+NC+28401&ftid=0x89aa1e34c0342083:0x51dd228046008929",34.2203088,-77.9468116,"1121 S Front St, Wilmington, NC 28401",,Site
"http://maps.google.com/?q=128+Northern+Blvd,+Wilmington,+NC+28401&ftid=0x89aa1e3fa987eecb:0x8878917f9456ec8f",34.202753,-77.9485506,"128 Northern Blvd, Wilmington, NC 28401",,Site
"http://maps.google.com/?q=604+S+Front+St,+Wilmington,+NC+28401&ftid=0x89aa1fcbd56304df:0x1d4db209924b9c06",34.2274866,-77.9481014,"604 S Front St, Wilmington, NC 28401",,Site
"http://maps.google.com/?q=109+Keaton+Ave,+Wilmington,+NC+28403&ftid=0x89a9f568a27e6d8b:0x9437ed267f87ffe0",34.2366353,-77.9162323,"109 Keaton Ave, Wilmington, NC 28403",,Site
http://maps.google.com/?cid=10276055318992992665,34.2070819,-77.9499543,"1895 Burnett Blvd, Wilmington, NC 28401, United States",Winnie's Tavern,Site
http://maps.google.com/?cid=7016224012965779638,34.2336201,-77.948628,"116 S Front St, Wilmington, NC 28401, United States",Barbary Coast,Site
http://maps.google.com/?cid=16509114342392970327,34.2355199,-77.9435807,"420 Market St, Wilmington, NC 28401, United States",Carolina Apartments,Site
http://maps.google.com/?cid=6144244162411979257,34.237174,-77.9322152,"1307 Market St, Wilmington, NC 28401, United States",New Hanover High School,Site
"http://maps.google.com/?q=402+Chestnut+St,+Wilmington,+NC+28401&ftid=0x89aa1fc405d0bf45:0xb689bf3051407e0a",34.2377658,-77.9447576,"402 Chestnut St, Wilmington, NC 28401",,Site
http://maps.google.com/?cid=10601515078255418189,34.2352707,-77.9493396,"16 Market St, Wilmington, NC 28401, United States",Springbrook Farms Carriage,Site
http://maps.google.com/?cid=10979983687013412851,34.2360768,-77.9486659,"24 N Front St, Wilmington, NC 28401, United States",Fun Bowl,Site
http://maps.google.com/?cid=13547329987365448878,34.2351119,-77.9491796,"16 Market St, Wilmington, NC 28401, United States",Kilwins,Site
http://maps.google.com/?cid=7571365365376266349,34.2357741,-77.943339,"498 Market St, Wilmington, NC 28401, United States",Kenan Memorial Fountain,Site
http://maps.google.com/?cid=17572383416701322844,34.2422264,-77.9450902,"516 N 4th St, Wilmington, NC 28401, United States",Brooklyn Arts Center,Site
http://maps.google.com/?cid=4664138466316249471,34.1775833,-77.9074609,"4099 S 17th St, Wilmington, NC 28412, United States",Halyburton Park,Site
http://maps.google.com/?cid=2641015111899768529,34.2102013,-77.9398012,"1941 Amphitheatre Dr, Wilmington, NC 28401, United States",Greenfield Lake Amphitheater,Site
http://maps.google.com/?cid=12182020918669161073,34.2146613,-77.9442322,"1739 Burnett Blvd, Wilmington, NC 28401, United States",Greenfield Park,Site
http://maps.google.com/?cid=16142968164822461363,34.1563442,-77.8576312,"613 Trails End Rd, Wilmington, NC 28409, United States",Masonboro Island Reserve,Site
http://maps.google.com/?cid=4030639392537021236,34.1231687,-77.8515264,"Masonboro Island State Natural Area, Wilmington, NC 28409, United States",Masonboro Island Reserve,Site
http://maps.google.com/?cid=13068335757891833506,34.2322386,-77.9431831,"412 Ann St, Wilmington, NC 28401, United States",Basilica of Saint Mary,Site
http://maps.google.com/?cid=9329321036792962734,34.2394646,-77.9493728,"321 N Front St, Wilmington, NC 28401, United States",The Cotton Exchange,Site
http://maps.google.com/?cid=7302633907011618435,34.2381179,-77.9485666,"226 N Front St Suite 130, Wilmington, NC 28401, United States",Wilmington Downtown Incorporated,Site
http://maps.google.com/?cid=2595995531787354740,34.237249,-77.945638,"310 Chestnut St, Wilmington, NC 28401, United States",Historic Thalian Hall,Site
http://maps.google.com/?cid=9113159347632637657,34.2352196,-77.9499727,"Wilmington Downtown Riverwalk, Wilmington, NC 28401, United States",Wilmington Riverwalk,Site
http://maps.google.com/?cid=1101854766496808358,35.7736962,-78.6382432,"511 S Wilmington St, Raleigh, NC 27601, United States",Pope House Museum,Site
http://maps.google.com/?cid=1723413987529872498,34.2351959,-77.9483714,"119 S Water St, Wilmington, NC 28401, United States",Old Wilmington City Market,Site
http://maps.google.com/?cid=5496976980875864491,34.2350273,-77.9496487,"2 Market St, Wilmington, NC 28401, United States",Floriana Wilmington,Site
http://maps.google.com/?cid=3518220349211774679,34.3206329,-77.7655262,"10200 Hwy 17, Wilmington, NC 28411, United States",Poplar Grove Plantation,Site
http://maps.google.com/?cid=16745873089226105013,34.2487957,-77.8602611,"5726 Market St, Wilmington, NC 28405, United States",Stone Garden,Site
http://maps.google.com/?cid=7081790755631536117,34.2427,-77.87344,"5226 Sigmon Rd, Wilmington, NC 28403, United States",Walmart Garden Center,Site
http://maps.google.com/?cid=13372317008280553047,34.2340772,-77.9474481,"102 S 2nd St, Wilmington, NC 28401, United States",Tarantelli's,Site
http://maps.google.com/?cid=14623705144955952551,34.2219222,-77.8226944,"1908 Eastwood Rd STE 118, Wilmington, NC 28403, United States",Brasserie Du Soleil,Site
http://maps.google.com/?cid=11505621740240959691,34.2351075,-77.9494035,"10 Market St, Wilmington, NC 28401, United States",Caprice bistro,Site
http://maps.google.com/?cid=4232548752771832911,34.2230331,-77.819828,"1981 Eastwood Rd, Wilmington, NC 28403, United States",Port City Chop House,Site
http://maps.google.com/?cid=12912514563026743924,34.2283799,-77.9427112,"421 Castle St, Wilmington, NC 28401, United States",Rx Restaurant and Bar,Site
http://maps.google.com/?cid=16528803547795423115,34.2356707,-77.9485975,"8 N Front St, Wilmington, NC 28401, United States",Circa 1922,Site
http://maps.google.com/?cid=9616641342431632166,34.235598,-77.8316633,"6801-105 Parker Farm Dr, Wilmington, NC 28405, United States",Roko Italian Cuisine,Site
http://maps.google.com/?cid=14669319623460056070,34.2367171,-77.9478996,"123 Princess St, Wilmington, NC 28401, United States",manna,Site
http://maps.google.com/?cid=10463336888546458983,34.239311,-77.949806,"310 Nutt St, Wilmington, NC 28401, United States",Olde Wilmington Toy & Candy Company,Site
http://maps.google.com/?cid=6992715827139143205,34.236734,-77.9473395,"201 Princess St, Wilmington, NC 28401, United States",Memory Lane Comics,Site
http://maps.google.com/?cid=16643473537394430103,34.24105,-77.89755,"3908 Market St #104, Wilmington, NC 28403, United States",Buried under comics and toys,Site
http://maps.google.com/?cid=7785906335385577463,34.2322807,-77.8740214,"419 College Rd, Wilmington, NC 28403, United States",Game Giant,Site
http://maps.google.com/?cid=5121702227851763447,34.2444893,-77.8750612,"5225 Sigmon Rd #120, Wilmington, NC 28403, United States",GameStop,Site
http://maps.google.com/?cid=6060856779854675596,34.2421603,-77.8296521,"6858 Main St, Wilmington, NC 28405, United States",GameStop,Site
http://maps.google.com/?cid=7242401768414073234,34.2119883,-77.8945781,"4107 Oleander Dr STE D, Wilmington, NC 28403, United States",Cape Fear Games,Site
http://maps.google.com/?cid=12748574642795460023,34.2427194,-77.8662663,"210 Eastwood Rd, Wilmington, NC 28403, United States",The Home Depot,Site
http://maps.google.com/?cid=3464139631767067285,34.2136375,-77.9007647,"3804 Oleander Dr, Wilmington, NC 28403, United States",Whole Foods Market,Site
http://maps.google.com/?cid=10466744807661914890,34.2107721,-77.8857637,"1437 College Rd, Wilmington, NC 28403, United States",Trader Joe's,Site
http://maps.google.com/?cid=15727418766798336168,34.2422033,-77.874065,"5226 Sigmon Rd, Wilmington, NC 28403, United States",Walmart Supercenter,Site
http://maps.google.com/?cid=10665523494799155265,34.2416797,-77.9508027,"505 Nutt St, Wilmington, NC 28401, United States",Wilmington Railroad Museum,Site
http://maps.google.com/?cid=2128652923639609218,34.2358178,-77.9383561,"814 Market St, Wilmington, NC 28401, United States",Cape Fear Museum of History and Science,Site
http://maps.google.com/?cid=12427640652196879802,34.2361477,-77.9430101,"503 Market St, Wilmington, NC 28401, United States",Bellamy Mansion Museum,Site
http://maps.google.com/?cid=6304251078705953725,34.2352069,-77.9462863,"224 Market St, Wilmington, NC 28401, United States",Burgwin-Wright House and Gardens,Site
http://maps.google.com/?cid=16146057901126807456,34.2332635,-77.946049,"126 S 3rd St, Wilmington, NC 28401, United States",Lower Cape Fear Historical Society,Site
http://maps.google.com/?cid=9929874034729092462,34.2332177,-77.9461429,"Latimer House, 126 S 3rd St, Wilmington, NC 28401, United States",Latimer House,Site
http://maps.google.com/?cid=6142223175842785251,34.232975,-77.9421999,"510 Orange St, Wilmington, NC 28401, United States",BahrHaus International Art Museum,Site
http://maps.google.com/?cid=11326086436581725497,34.2365524,-77.9543704,"1 Battleship Rd NE, Wilmington, NC 28401, United States",Battleship North Carolina,Site
http://maps.google.com/?cid=17203998642764648491,34.1840949,-77.9154152,"3201 S 17th St, Wilmington, NC 28412, United States",Cameron Art Museum,Site
http://maps.google.com/?cid=2001015407076671249,34.244838,-77.829143,"6881 Monument Dr, Wilmington, NC 28405, United States",Michaels,Site
http://maps.google.com/?cid=869023117213075443,34.2305512,-77.8277043,"1319 Military Cutoff Rd A-3, Wilmington, NC 28405, United States",Dollar Tree,Site
http://maps.google.com/?cid=14042169684133913272,34.2198805,-77.8223951,"7002 Wrightsville Ave, Wilmington, NC 28403, United States","Craft American Hardware, Inc",Site
http://maps.google.com/?cid=2182065911543648411,34.243275,-77.830195,"850 Inspiration Dr, Wilmington, NC 28405, United States",Barnes & Noble,Site
http://maps.google.com/?cid=4858016040935882434,34.2444213,-77.8300477,"820 Inspiration Dr, Wilmington, NC 28405, United States",World Market,Site
http://maps.google.com/?cid=16086089981099739782,34.2490407,-77.8808522,"4711 New Centre Dr, Wilmington, NC 28405, United States",Target,Site
http://maps.google.com/?cid=18428912269719907445,34.2139188,-77.9060634,"3500 Oleander Dr Space R050, Wilmington, NC 28403, United States",Five Below,Site
http://maps.google.com/?cid=8978538966993954822,34.2182979,-77.8302416,"300 Airlie Rd, Wilmington, NC 28403, United States",Airlie Gardens,Site
http://maps.google.com/?cid=16640895103615944559,34.2113405,-77.8350972,"6206 Oleander Dr, Wilmington, NC 28403, United States",New Hanover County Arboretum | N.C. Cooperative Extension,Site
http://maps.google.com/?cid=12289764572912140843,34.2068315,-77.9067143,"3800 Canterbury Rd, Wilmington, NC 28403, United States",Stanley Rehder Carnivorous Plant Garden at Piney Ridge Nature Preserve - Wilmington,Site
http://maps.google.com/?cid=1028811178039217758,35.7779965,-78.6380354,"207 S Wilmington St, Raleigh, NC 27601, United States",Taz's Supermarket One,Site
http://maps.google.com/?cid=7185660506050790946,35.7762991,-78.6381696,"327 S Wilmington St, Raleigh, NC 27601, United States",Clyde Cooper's Barbeque,Site
http://maps.google.com/?cid=10093907628476645049,34.2417317,-77.9522292,"1 Estell Lee Pl Unit 201, Wilmington, NC 28401, United States",Wilmington and Beaches Convention and Visitors Bureau,Site
